Peak_flag,Time_real_mean,n
0,20.881565906838453,2018
1,28.198489372914104,5693
