multiple_deliveries,Time_real_mean,n
0.0,22.99448919033489,2359
1.0,26.615446662633595,4959
2.0,40.75748502994012,334
3.0,47.96610169491525,59
