Weatherconditions,Time_real_mean,n
Cloudy,28.896656534954406,1316
Fog,28.62363067292645,1278
Sandstorms,25.87878787878788,1287
Stormy,26.15705128205128,1248
Sunny,21.770452740270056,1259
Windy,26.232048374905517,1323
