Festival,Time_real_mean,n
No ,26.009035344140315,7526
Yes ,45.19580419580419,143
