Festival,Time_real_mean,n
No,11.095238095238095,42
No ,26.009035344140315,7526
Yes ,45.19580419580419,143
