City,Time_real_mean,n
Metropolitian ,27.203616086515716,5918
Semi-Urban ,49.75,20
Urban ,22.948110547095318,1773
