Road_traffic_density,Time_real_mean,n
High ,27.436018957345972,844
Jam ,31.152901313002964,2361
Low ,21.18581081081081,2664
Medium ,26.887079261672095,1842
